eventID,eventDate,decimalLatitude,decimalLongitude,samplingProtocol,locality,county,stateProvince,countryCode,geodeticDatum,minimumDepthInMeters,maximumDepthInMeters,coordinateUncertaintyInMeters
6009_2015-06-02_2015-06-02,2015-06-02/2015-06-02,39.56906509,-123.77182,cbs point contact,Abalobadiah Creek,Mendocino,California,US,WGS84,0,0,350
89_2012-02-03_2012-02-03,2012-02-03/2012-02-03,33.73778152,-118.37612,cbs point contact,Abalone Cove,Los Angeles,California,US,WGS84,0,0,350
58_2005-02-07_2005-02-07,2005-02-07/2005-02-07,37.82500076,-122.42194,cbs point contact,Alcatraz,San Francisco,California,US,WGS84,0,0,350
71_2008-02-15_2008-02-15,2008-02-15/2008-02-15,37.89757919,-122.71071,cbs point contact,Alder Creek; Duxbury,Marin,California,US,WGS84,0,0,350
38_2001-05-26_2001-08-16,2001-05-26/2001-08-16,34.4671402,-120.27738,cbs point contact,Alegria,Santa Barbara,California,US,WGS84,0,0,350
38_2003-05-17_2003-05-17,2003-05-17/2003-05-17,34.4671402,-120.27738,cbs point contact,Alegria,Santa Barbara,California,US,WGS84,0,0,350
38_2004-05-10_2004-05-10,2004-05-10/2004-05-10,34.4671402,-120.27738,cbs point contact,Alegria,Santa Barbara,California,US,WGS84,0,0,350
38_2012-01-05_2012-01-05,2012-01-05/2012-01-05,34.4671402,-120.27738,cbs point contact,Alegria,Santa Barbara,California,US,WGS84,0,0,350
38_2016-02-20_2016-02-20,2016-02-20/2016-02-20,34.4671402,-120.27738,cbs point contact,Alegria,Santa Barbara,California,US,WGS84,0,0,350
38_2021-02-26_2021-02-26,2021-02-26/2021-02-26,34.4671402,-120.27738,cbs point contact,Alegria,Santa Barbara,California,US,WGS84,0,0,350
26_2001-02-20_2001-02-20,2001-02-20/2001-02-20,36.28060913,-121.86317,cbs point contact,Andrew Molera,Monterey,California,US,WGS84,0,0,350
26_2003-03-29_2003-03-29,2003-03-29/2003-03-29,36.28060913,-121.86317,cbs point contact,Andrew Molera,Monterey,California,US,WGS84,0,0,350
26_2004-02-03_2004-02-03,2004-02-03/2004-02-03,36.28060913,-121.86317,cbs point contact,Andrew Molera,Monterey,California,US,WGS84,0,0,350
26_2020-05-27_2020-05-27,2020-05-27/2020-05-27,36.28060913,-121.86317,cbs point contact,Andrew Molera,Monterey,California,US,WGS84,0,0,350
19_2002-06-11_2002-06-11,2002-06-11/2002-06-11,37.10778046,-122.29444,cbs point contact,Ano Nuevo,San Mateo,California,US,WGS84,0,0,350
19_2008-04-10_2008-04-10,2008-04-10/2008-04-10,37.10778046,-122.29444,cbs point contact,Ano Nuevo,San Mateo,California,US,WGS84,0,0,350
19_2021-06-13_2021-06-13,2021-06-13/2021-06-13,37.10778046,-122.29444,cbs point contact,Ano Nuevo,San Mateo,California,US,WGS84,0,0,350
37_2001-05-02_2001-05-02,2001-05-02/2001-05-02,34.47343826,-120.1454,cbs point contact,Arroyo Hondo,Santa Barbara,California,US,WGS84,0,0,350
37_2005-04-04_2005-04-04,2005-04-04/2005-04-04,34.47343826,-120.1454,cbs point contact,Arroyo Hondo,Santa Barbara,California,US,WGS84,0,0,350
37_2016-02-21_2016-02-21,2016-02-21/2016-02-21,34.47343826,-120.1454,cbs point contact,Arroyo Hondo,Santa Barbara,California,US,WGS84,0,0,350
95_2012-11-14_2012-11-15,2012-11-14/2012-11-15,36.6222496,-121.94161,cbs point contact,Asilomar,Monterey,California,US,WGS84,0,0,350
1009_2007-02-28_2007-02-28,2007-02-28/2007-02-28,27.85967064,-115.1815,cbs point contact,Babencho Grande,,Baja California Sur,MX,WGS84,0,0,350
1009_2011-02-17_2011-02-17,2011-02-17/2011-02-17,27.85967064,-115.1815,cbs point contact,Babencho Grande,,Baja California Sur,MX,WGS84,0,0,350
604_2018-02-11_2018-02-11,2018-02-11/2018-02-11,33.44641113,-118.48533,cbs point contact,Big Fisherman Cove,Los Angeles,California,US,WGS84,0,0,350
600_2002-04-20_2002-04-20,2002-04-20/2002-04-20,33.45145035,-118.48763,cbs point contact,Bird Rock,Los Angeles,California,US,WGS84,0,0,350
600_2004-01-20_2004-01-20,2004-01-20/2004-01-20,33.45145035,-118.48763,cbs point contact,Bird Rock,Los Angeles,California,US,WGS84,0,0,350
600_2007-03-13_2007-03-13,2007-03-13/2007-03-13,33.45145035,-118.48763,cbs point contact,Bird Rock,Los Angeles,California,US,WGS84,0,0,350
600_2020-02-19_2020-02-19,2020-02-19/2020-02-19,33.45145035,-118.48763,cbs point contact,Bird Rock,Los Angeles,California,US,WGS84,0,0,350
36_2001-03-21_2001-03-22,2001-03-21/2001-03-22,34.55387878,-120.61167,cbs point contact,Boat House,Santa Barbara,California,US,WGS84,0,0,350
36_2007-03-18_2007-03-18,2007-03-18/2007-03-18,34.55387878,-120.61167,cbs point contact,Boat House,Santa Barbara,California,US,WGS84,0,0,350
36_2017-12-01_2017-12-05,2017-12-01/2017-12-05,34.55387878,-120.61167,cbs point contact,Boat House,Santa Barbara,California,US,WGS84,0,0,350
36_2020-03-07_2020-03-07,2020-03-07/2020-03-07,34.55387878,-120.61167,cbs point contact,Boat House,Santa Barbara,California,US,WGS84,0,0,350
7_2001-06-23_2001-06-23,2001-06-23/2001-06-23,44.24456024,-124.11443,cbs point contact,Bob Creek,Lane,Oregon,US,WGS84,0,0,350
7_2007-05-15_2007-05-15,2007-05-15/2007-05-15,44.24456024,-124.11443,cbs point contact,Bob Creek,Lane,Oregon,US,WGS84,0,0,350
7_2013-08-21_2013-08-21,2013-08-21/2013-08-21,44.24456024,-124.11443,cbs point contact,Bob Creek,Lane,Oregon,US,WGS84,0,0,350
7_2019-07-05_2019-07-05,2019-07-05/2019-07-05,44.24456024,-124.11443,cbs point contact,Bob Creek,Lane,Oregon,US,WGS84,0,0,350
14_2001-07-07_2001-07-08,2001-07-07/2001-07-08,38.31819916,-123.07365,cbs point contact,Bodega,Sonoma,California,US,WGS84,0,0,350
14_2003-05-31_2003-06-02,2003-05-31/2003-06-02,38.31819916,-123.07365,cbs point contact,Bodega,Sonoma,California,US,WGS84,0,0,350
14_2004-05-19_2004-05-19,2004-05-19/2004-05-19,38.31819916,-123.07365,cbs point contact,Bodega,Sonoma,California,US,WGS84,0,0,350
14_2010-07-11_2010-07-11,2010-07-11/2010-07-11,38.31819916,-123.07365,cbs point contact,Bodega,Sonoma,California,US,WGS84,0,0,350
14_2020-06-24_2020-06-24,2020-06-24/2020-06-24,38.31819916,-123.07365,cbs point contact,Bodega,Sonoma,California,US,WGS84,0,0,350
85_2010-07-10_2010-07-10,2010-07-10/2010-07-10,38.3103981,-123.0824,cbs point contact,Bodega Head,Sonoma,California,US,WGS84,0,0,350
16_2002-05-16_2002-05-16,2002-05-16/2002-05-16,37.90354156,-122.72721,cbs point contact,Bolinas Point,Marin,California,US,WGS84,0,0,350
16_2005-05-11_2005-05-11,2005-05-11/2005-05-11,37.90354156,-122.72721,cbs point contact,Bolinas Point,Marin,California,US,WGS84,0,0,350
16_2008-02-16_2008-02-16,2008-02-16/2008-02-16,37.90354156,-122.72721,cbs point contact,Bolinas Point,Marin,California,US,WGS84,0,0,350
16_2020-06-22_2020-06-22,2020-06-22/2020-06-22,37.90354156,-122.72721,cbs point contact,Bolinas Point,Marin,California,US,WGS84,0,0,350
800_2009-10-16_2009-10-19,2009-10-16/2009-10-19,33.00112152,-118.54832,cbs point contact,Boy Scout Camp,Los Angeles,California,US,WGS84,0,0,350
800_2013-01-10_2013-01-10,2013-01-10/2013-01-10,33.00112152,-118.54832,cbs point contact,Boy Scout Camp,Los Angeles,California,US,WGS84,0,0,350
800_2019-02-03_2019-02-03,2019-02-03/2019-02-03,33.00112152,-118.54832,cbs point contact,Boy Scout Camp,Los Angeles,California,US,WGS84,0,0,350
9_2002-05-26_2002-05-26,2002-05-26/2002-05-26,42.22814178,-124.38786,cbs point contact,Burnt Hill,Curry,Oregon,US,WGS84,0,0,350
9_2006-05-01_2006-05-01,2006-05-01/2006-05-01,42.22814178,-124.38786,cbs point contact,Burnt Hill,Curry,Oregon,US,WGS84,0,0,350
9_2013-05-28_2013-05-28,2013-05-28/2013-05-28,42.22814178,-124.38786,cbs point contact,Burnt Hill,Curry,Oregon,US,WGS84,0,0,350
50_2002-03-26_2002-03-26,2002-03-26/2002-03-26,32.66947174,-117.2455,cbs point contact,Cabrillo I,San Diego,California,US,WGS84,0,0,350
50_2004-05-07_2004-05-07,2004-05-07/2004-05-07,32.66947174,-117.2455,cbs point contact,Cabrillo I,San Diego,California,US,WGS84,0,0,350
50_2020-01-09_2020-01-09,2020-01-09/2020-01-09,32.66947174,-117.2455,cbs point contact,Cabrillo I,San Diego,California,US,WGS84,0,0,350
51_2002-03-25_2002-03-28,2002-03-25/2002-03-28,32.6658287,-117.24417,cbs point contact,Cabrillo III,San Diego,California,US,WGS84,0,0,350
51_2012-03-06_2012-05-09,2012-03-06/2012-05-09,32.6658287,-117.24417,cbs point contact,Cabrillo III,San Diego,California,US,WGS84,0,0,350
51_2017-01-11_2017-01-11,2017-01-11/2017-01-11,32.6658287,-117.24417,cbs point contact,Cabrillo III,San Diego,California,US,WGS84,0,0,350
1_2002-07-11_2002-07-11,2002-07-11/2002-07-11,48.17082977,-124.73611,cbs point contact,Cannonball Island,Clallam,Washington,US,WGS84,0,0,350
1_2006-06-14_2006-06-14,2006-06-14/2006-06-14,48.17082977,-124.73611,cbs point contact,Cannonball Island,Clallam,Washington,US,WGS84,0,0,350
8_2001-06-20_2001-06-26,2001-06-20/2001-06-26,43.30894089,-124.40077,cbs point contact,Cape Arago,Coos,Oregon,US,WGS84,0,0,350
8_2005-06-07_2005-06-08,2005-06-07/2005-06-08,43.30894089,-124.40077,cbs point contact,Cape Arago,Coos,Oregon,US,WGS84,0,0,350
8_2013-06-27_2013-06-28,2013-06-27/2013-06-28,43.30894089,-124.40077,cbs point contact,Cape Arago,Coos,Oregon,US,WGS84,0,0,350
8_2019-07-07_2019-07-07,2019-07-07/2019-07-07,43.30894089,-124.40077,cbs point contact,Cape Arago,Coos,Oregon,US,WGS84,0,0,350
4000_2013-07-23_2013-07-23,2013-07-23/2013-07-23,45.47179031,-123.97204,cbs point contact,Cape Meares,Tillamook,Oregon,US,WGS84,0,0,350
10_2002-05-28_2002-05-28,2002-05-28/2002-05-28,40.3409996,-124.36317,cbs point contact,Cape Mendocino,Humboldt,California,US,WGS84,0,0,350
10_2006-04-30_2006-04-30,2006-04-30/2006-04-30,40.3409996,-124.36317,cbs point contact,Cape Mendocino,Humboldt,California,US,WGS84,0,0,350
10_2015-06-17_2015-06-17,2015-06-17/2015-06-17,40.3409996,-124.36317,cbs point contact,Cape Mendocino,Humboldt,California,US,WGS84,0,0,350
90_2012-02-06_2012-02-06,2012-02-06/2012-02-06,32.99983978,-117.27867,cbs point contact,Cardiff Reef,San Diego,California,US,WGS84,0,0,350
40_2001-06-07_2001-06-08,2001-06-07/2001-06-08,34.38703156,-119.51407,cbs point contact,Carpinteria,Santa Barbara,California,US,WGS84,0,0,350
40_2012-01-09_2012-01-09,2012-01-09/2012-01-09,34.38703156,-119.51407,cbs point contact,Carpinteria,Santa Barbara,California,US,WGS84,0,0,350
40_2019-02-18_2019-02-18,2019-02-18/2019-02-18,34.38703156,-119.51407,cbs point contact,Carpinteria,Santa Barbara,California,US,WGS84,0,0,350
205_2017-11-17_2017-11-17,2017-11-17/2017-11-17,34.03351974,-120.04391,cbs point contact,Carrington Point,Santa Barbara,California,US,WGS84,0,0,350
400_2005-12-11_2005-12-11,2005-12-11/2005-12-11,34.00556946,-119.41925,cbs point contact,Cat Rock,Ventura,California,US,WGS84,0,0,350
30_2001-04-04_2001-05-03,2001-04-04/2001-05-03,35.44739151,-120.94982,cbs point contact,Cayucos,San Luis Obispo,California,US,WGS84,0,0,350
30_2008-02-03_2008-02-03,2008-02-03/2008-02-03,35.44739151,-120.94982,cbs point contact,Cayucos,San Luis Obispo,California,US,WGS84,0,0,350
30_2017-02-10_2017-02-10,2017-02-10/2017-02-10,35.44739151,-120.94982,cbs point contact,Cayucos,San Luis Obispo,California,US,WGS84,0,0,350
86_2010-07-15_2010-07-15,2010-07-15/2010-07-15,37.99383163,-122.96729,cbs point contact,Chimney Rock,Marin,California,US,WGS84,0,0,350
67_2007-11-09_2007-11-09,2007-11-09/2007-11-09,36.60615921,-121.95939,cbs point contact,China Rocks,Monterey,California,US,WGS84,0,0,350
67_2020-03-05_2020-03-05,2020-03-05/2020-03-05,36.60615921,-121.95939,cbs point contact,China Rocks,Monterey,California,US,WGS84,0,0,350
39_2002-03-13_2002-03-13,2002-03-13/2002-03-13,34.40692902,-119.87804,cbs point contact,Coal Oil Point,Santa Barbara,California,US,WGS84,0,0,350
39_2006-03-25_2006-03-25,2006-03-25/2006-03-25,34.40692902,-119.87804,cbs point contact,Coal Oil Point,Santa Barbara,California,US,WGS84,0,0,350
39_2012-01-07_2012-01-07,2012-01-07/2012-01-07,34.40692902,-119.87804,cbs point contact,Coal Oil Point,Santa Barbara,California,US,WGS84,0,0,350
39_2016-02-17_2016-02-17,2016-02-17/2016-02-17,34.40692902,-119.87804,cbs point contact,Coal Oil Point,Santa Barbara,California,US,WGS84,0,0,350
39_2021-06-13_2021-06-13,2021-06-13/2021-06-13,34.40692902,-119.87804,cbs point contact,Coal Oil Point,Santa Barbara,California,US,WGS84,0,0,350
4002_2013-08-20_2013-08-20,2013-08-20/2013-08-20,43.11471939,-124.43851,cbs point contact,Coquille Point,Coos,Oregon,US,WGS84,0,0,350
3010_2007-08-01_2007-08-01,2007-08-01/2007-08-01,55.92876816,-134.33691,cbs point contact,Coronation Island,Sitka,Alaska,US,WGS84,0,0,350
100_2001-11-14_2001-11-14,2001-11-14/2001-11-14,34.02159119,-120.37887,cbs point contact,Crook Point,Santa Barbara,California,US,WGS84,0,0,350
100_2012-03-15_2012-03-15,2012-03-15/2012-03-15,34.02159119,-120.37887,cbs point contact,Crook Point,Santa Barbara,California,US,WGS84,0,0,350
46_2001-04-29_2001-04-30,2001-04-29/2001-04-30,33.57078171,-117.83773,cbs point contact,Crystal Cove,Orange,California,US,WGS84,0,0,350
46_2003-05-19_2003-05-19,2003-05-19/2003-05-19,33.57078171,-117.83773,cbs point contact,Crystal Cove,Orange,California,US,WGS84,0,0,350
46_2004-05-09_2004-05-09,2004-05-09/2004-05-09,33.57078171,-117.83773,cbs point contact,Crystal Cove,Orange,California,US,WGS84,0,0,350
46_2012-01-19_2012-01-19,2012-01-19/2012-01-19,33.57078171,-117.83773,cbs point contact,Crystal Cove,Orange,California,US,WGS84,0,0,350
46_2018-03-27_2018-03-27,2018-03-27/2018-03-27,33.57078171,-117.83773,cbs point contact,Crystal Cove,Orange,California,US,WGS84,0,0,350
101_2001-11-13_2001-11-13,2001-11-13/2001-11-13,34.04854965,-120.33642,cbs point contact,Cuyler Harbor,Santa Barbara,California,US,WGS84,0,0,350
101_2002-12-04_2002-12-04,2002-12-04/2002-12-04,34.04854965,-120.33642,cbs point contact,Cuyler Harbor,Santa Barbara,California,US,WGS84,0,0,350
101_2012-03-14_2012-03-19,2012-03-14/2012-03-19,34.04854965,-120.33642,cbs point contact,Cuyler Harbor,Santa Barbara,California,US,WGS84,0,0,350
52_2004-06-02_2004-06-02,2004-06-02/2004-06-02,41.65248871,-124.12784,cbs point contact,Damnation Creek,Del Norte,California,US,WGS84,0,0,350
52_2015-05-19_2015-05-19,2015-05-19/2015-05-19,41.65248871,-124.12784,cbs point contact,Damnation Creek,Del Norte,California,US,WGS84,0,0,350
52_2017-05-28_2017-05-28,2017-05-28/2017-05-28,41.65248871,-124.12784,cbs point contact,Damnation Creek,Del Norte,California,US,WGS84,0,0,350
52_2019-05-20_2019-05-20,2019-05-20/2019-05-20,41.65248871,-124.12784,cbs point contact,Damnation Creek,Del Norte,California,US,WGS84,0,0,350
48_2001-05-08_2001-05-10,2001-05-08/2001-05-10,33.4598999,-117.71475,cbs point contact,Dana Point,Orange,California,US,WGS84,0,0,350
48_2006-02-25_2006-02-25,2006-02-25/2006-02-25,33.4598999,-117.71475,cbs point contact,Dana Point,Orange,California,US,WGS84,0,0,350
48_2018-03-28_2018-03-28,2018-03-28/2018-03-28,33.4598999,-117.71475,cbs point contact,Dana Point,Orange,California,US,WGS84,0,0,350
48_2020-01-12_2020-01-12,2020-01-12/2020-01-12,33.4598999,-117.71475,cbs point contact,Dana Point,Orange,California,US,WGS84,0,0,350
62_2007-10-26_2007-10-26,2007-10-26/2007-10-26,37.02207947,-122.21538,cbs point contact,Davenport Landing,Santa Cruz,California,US,WGS84,0,0,350
62_2020-01-08_2020-01-08,2020-01-08/2020-01-08,37.02207947,-122.21538,cbs point contact,Davenport Landing,Santa Cruz,California,US,WGS84,0,0,350
97_2018-01-13_2018-01-13,2018-01-13/2018-01-13,34.06069183,-118.98221,cbs point contact,Deer Creek,Ventura,California,US,WGS84,0,0,350
80_2010-06-12_2010-06-12,2010-06-12/2010-06-12,38.74050903,-123.51086,cbs point contact,Del Mar Landing,Sonoma,California,US,WGS84,0,0,350
80_2020-07-07_2020-07-07,2020-07-07/2020-07-07,38.74050903,-123.51086,cbs point contact,Del Mar Landing,Sonoma,California,US,WGS84,0,0,350
70_2008-01-20_2008-01-20,2008-01-20/2008-01-20,35.22690964,-120.87428,cbs point contact,Diablo,San Luis Obispo,California,US,WGS84,0,0,350
3006_2005-06-20_2005-06-20,2005-06-20/2005-06-20,51.90473175,-128.48108,cbs point contact,Duck Island,,British Columbia,CA,WGS84,0,0,350
3006_2017-07-26_2017-07-26,2017-07-26/2017-07-26,51.90473175,-128.48108,cbs point contact,Duck Island,,British Columbia,CA,WGS84,0,0,350
56_2003-11-24_2003-11-24,2003-11-24/2003-11-24,35.85916901,-121.42233,cbs point contact,Duck Pond,Monterey,California,US,WGS84,0,0,350
56_2008-02-18_2008-04-01,2008-02-18/2008-04-01,35.85916901,-121.42233,cbs point contact,Duck Pond,Monterey,California,US,WGS84,0,0,350
204_2001-12-11_2001-12-11,2001-12-11/2001-12-11,33.94269943,-119.96797,cbs point contact,East Point,Santa Barbara,California,US,WGS84,0,0,350
204_2004-12-09_2004-12-09,2004-12-09/2004-12-09,33.94269943,-119.96797,cbs point contact,East Point,Santa Barbara,California,US,WGS84,0,0,350
5_2001-06-24_2001-06-25,2001-06-24/2001-06-25,45.91809082,-123.98031,cbs point contact,Ecola,Clatsop,Oregon,US,WGS84,0,0,350
5_2005-06-05_2005-06-05,2005-06-05/2005-06-05,45.91809082,-123.98031,cbs point contact,Ecola,Clatsop,Oregon,US,WGS84,0,0,350
5_2014-07-12_2014-07-13,2014-07-12/2014-07-13,45.91809082,-123.98031,cbs point contact,Ecola,Clatsop,Oregon,US,WGS84,0,0,350
5_2019-07-06_2019-07-06,2019-07-06/2019-07-06,45.91809082,-123.98031,cbs point contact,Ecola,Clatsop,Oregon,US,WGS84,0,0,350
801_2009-10-17_2009-10-17,2009-10-17/2009-10-17,32.91801071,-118.54668,cbs point contact,Eel Point,Los Angeles,California,US,WGS84,0,0,350
801_2013-01-11_2013-01-11,2013-01-11/2013-01-11,32.91801071,-118.54668,cbs point contact,Eel Point,Los Angeles,California,US,WGS84,0,0,350
801_2020-01-23_2020-01-23,2020-01-23/2020-01-23,32.91801071,-118.54668,cbs point contact,Eel Point,Los Angeles,California,US,WGS84,0,0,350
1010_2007-03-01_2007-03-01,2007-03-01/2007-03-01,27.85148048,-115.17698,cbs point contact,El Nido,,Baja California Sur,MX,WGS84,0,0,350
1010_2011-02-14_2011-02-14,2011-02-14/2011-02-14,27.85148048,-115.17698,cbs point contact,El Nido,,Baja California Sur,MX,WGS84,0,0,350
1011_2007-03-02_2007-03-02,2007-03-02/2007-03-02,27.88879967,-115.21913,cbs point contact,El Tivo,,Baja California Sur,MX,WGS84,0,0,350
1011_2011-02-18_2011-02-18,2011-02-18/2011-02-18,27.88879967,-115.21913,cbs point contact,El Tivo,,Baja California Sur,MX,WGS84,0,0,350
87_2012-01-06_2012-01-06,2012-01-06/2012-01-06,34.43518829,-119.93078,cbs point contact,Ellwood,Santa Barbara,California,US,WGS84,0,0,350
6002_2014-07-11_2014-07-12,2014-07-11/2014-07-12,41.68999863,-124.14257,cbs point contact,Enderts,Del Norte,California,US,WGS84,0,0,350
6002_2018-05-29_2018-05-31,2018-05-29/2018-05-31,41.68999863,-124.14257,cbs point contact,Enderts,Del Norte,California,US,WGS84,0,0,350
6002_2021-05-27_2021-05-30,2021-05-27/2021-05-30,41.68999863,-124.14257,cbs point contact,Enderts,Del Norte,California,US,WGS84,0,0,350
6003_2014-05-17_2014-05-17,2014-05-17/2014-05-17,41.59476089,-124.10643,cbs point contact,False Klamath Cove,Del Norte,California,US,WGS84,0,0,350
6003_2017-05-29_2017-05-29,2017-05-29/2017-05-29,41.59476089,-124.10643,cbs point contact,False Klamath Cove,Del Norte,California,US,WGS84,0,0,350
6003_2020-06-05_2020-06-09,2020-06-05/2020-06-09,41.59476089,-124.10643,cbs point contact,False Klamath Cove,Del Norte,California,US,WGS84,0,0,350
17_2002-11-05_2002-11-05,2002-11-05/2002-11-05,37.5216713,-122.51667,cbs point contact,Fitzgerald Marine Reserve,San Mateo,California,US,WGS84,0,0,350
17_2006-11-19_2006-11-19,2006-11-19/2006-11-19,37.5216713,-122.51667,cbs point contact,Fitzgerald Marine Reserve,San Mateo,California,US,WGS84,0,0,350
17_2011-09-28_2011-09-29,2011-09-28/2011-09-29,37.5216713,-122.51667,cbs point contact,Fitzgerald Marine Reserve,San Mateo,California,US,WGS84,0,0,350
17_2020-02-07_2020-02-07,2020-02-07/2020-02-07,37.5216713,-122.51667,cbs point contact,Fitzgerald Marine Reserve,San Mateo,California,US,WGS84,0,0,350
6_2001-06-21_2001-06-22,2001-06-21/2001-06-22,44.83863831,-124.05875,cbs point contact,Fogarty Creek,Lincoln,Oregon,US,WGS84,0,0,350
6_2003-07-12_2003-07-13,2003-07-12/2003-07-13,44.83863831,-124.05875,cbs point contact,Fogarty Creek,Lincoln,Oregon,US,WGS84,0,0,350
6_2004-06-04_2004-06-04,2004-06-04/2004-06-04,44.83863831,-124.05875,cbs point contact,Fogarty Creek,Lincoln,Oregon,US,WGS84,0,0,350
6_2013-07-22_2013-07-22,2013-07-22/2013-07-22,44.83863831,-124.05875,cbs point contact,Fogarty Creek,Lincoln,Oregon,US,WGS84,0,0,350
6_2019-07-04_2019-07-04,2019-07-04/2019-07-04,44.83863831,-124.05875,cbs point contact,Fogarty Creek,Lincoln,Oregon,US,WGS84,0,0,350
203_2001-12-15_2001-12-15,2001-12-15/2001-12-15,33.91453171,-120.05024,cbs point contact,Ford Point,Santa Barbara,California,US,WGS84,0,0,350
301_2002-01-09_2002-01-09,2002-01-09/2002-01-09,34.05638885,-119.92222,cbs point contact,Forney,Santa Barbara,California,US,WGS84,0,0,350
6011_2015-06-04_2015-06-05,2015-06-04/2015-06-05,39.43920135,-123.81841,cbs point contact,Fort Bragg,Mendocino,California,US,WGS84,0,0,350
200_2001-12-13_2001-12-13,2001-12-13/2001-12-13,33.9931488,-120.23758,cbs point contact,Fossil Reef,Santa Barbara,California,US,WGS84,0,0,350
200_2004-12-12_2004-12-12,2004-12-12/2004-12-12,33.9931488,-120.23758,cbs point contact,Fossil Reef,Santa Barbara,California,US,WGS84,0,0,350
300_2002-01-10_2002-01-11,2002-01-10/2002-01-11,34.06264877,-119.91915,cbs point contact,Fraser Cove,Santa Barbara,California,US,WGS84,0,0,350
300_2003-01-30_2003-01-30,2003-01-30/2003-01-30,34.06264877,-119.91915,cbs point contact,Fraser Cove,Santa Barbara,California,US,WGS84,0,0,350
300_2004-01-17_2004-01-17,2004-01-17/2004-01-17,34.06264877,-119.91915,cbs point contact,Fraser Cove,Santa Barbara,California,US,WGS84,0,0,350
65_2007-11-06_2007-11-21,2007-11-06/2007-11-21,36.46903992,-121.93444,cbs point contact,Garrapata,Monterey,California,US,WGS84,0,0,350
65_2020-02-08_2020-02-08,2020-02-08/2020-02-08,36.46903992,-121.93444,cbs point contact,Garrapata,Monterey,California,US,WGS84,0,0,350
82_2010-06-17_2010-06-17,2010-06-17/2010-06-17,38.56613922,-123.32919,cbs point contact,Gerstle Cove,Sonoma,California,US,WGS84,0,0,350
82_2021-06-26_2021-06-26,2021-06-26/2021-06-26,38.56613922,-123.32919,cbs point contact,Gerstle Cove,Sonoma,California,US,WGS84,0,0,350
602_2018-02-12_2018-02-12,2018-02-12/2018-02-12,33.41680145,-118.39407,cbs point contact,Goat Harbor,Los Angeles,California,US,WGS84,0,0,350
35_2001-05-01_2001-05-01,2001-05-01/2001-05-01,34.4433403,-120.45655,cbs point contact,Government Point,Santa Barbara,California,US,WGS84,0,0,350
35_2006-03-27_2006-03-27,2006-03-27/2006-03-27,34.4433403,-120.45655,cbs point contact,Government Point,Santa Barbara,California,US,WGS84,0,0,350
35_2016-05-09_2016-05-09,2016-05-09/2016-05-09,34.4433403,-120.45655,cbs point contact,Government Point,Santa Barbara,California,US,WGS84,0,0,350
35_2019-12-11_2019-12-11,2019-12-11/2019-12-11,34.4433403,-120.45655,cbs point contact,Government Point,Santa Barbara,California,US,WGS84,0,0,350
803_2014-02-27_2014-02-27,2014-02-27/2014-02-27,33.0332756,-118.5756,cbs point contact,Graduation Point,Los Angeles,California,US,WGS84,0,0,350
803_2020-01-25_2020-01-25,2020-01-25/2020-01-25,33.0332756,-118.5756,cbs point contact,Graduation Point,Los Angeles,California,US,WGS84,0,0,350
3001_2003-08-29_2003-08-29,2003-08-29/2003-08-29,58.27082062,-136.73148,cbs point contact,Graves Harbor,Skagway-Hoonah-Angoon,Alaska,US,WGS84,0,0,350
3001_2007-07-28_2007-07-28,2007-07-28/2007-07-28,58.27082062,-136.73148,cbs point contact,Graves Harbor,Skagway-Hoonah-Angoon,Alaska,US,WGS84,0,0,350
6014_2017-07-24_2017-07-24,2017-07-24/2017-07-24,51.66663361,-128.13487,cbs point contact,Hakai,,British Columbia,CA,WGS84,0,0,350
31_2001-03-24_2001-04-02,2001-03-24/2001-04-02,35.28966141,-120.88325,cbs point contact,Hazards,San Luis Obispo,California,US,WGS84,0,0,350
31_2005-03-05_2005-03-05,2005-03-05/2005-03-05,35.28966141,-120.88325,cbs point contact,Hazards,San Luis Obispo,California,US,WGS84,0,0,350
31_2017-02-09_2017-02-09,2017-02-09/2017-02-09,35.28966141,-120.88325,cbs point contact,Hazards,San Luis Obispo,California,US,WGS84,0,0,350
76_2020-01-13_2020-01-13,2020-01-13/2020-01-13,33.54259109,-117.78928,cbs point contact,Heisler Park,Orange,California,US,WGS84,0,0,350
3007_2005-06-23_2005-06-23,2005-06-23/2005-06-23,53.54634857,-132.99553,cbs point contact,Hippa Island,,British Columbia,CA,WGS84,0,0,350
23_2003-01-18_2003-01-18,2003-01-18/2003-01-18,36.62120056,-121.9073,cbs point contact,Hopkins,Monterey,California,US,WGS84,0,0,350
23_2006-12-01_2006-12-01,2006-12-01/2006-12-01,36.62120056,-121.9073,cbs point contact,Hopkins,Monterey,California,US,WGS84,0,0,350
23_2021-06-12_2021-06-12,2021-06-12/2021-06-12,36.62120056,-121.9073,cbs point contact,Hopkins,Monterey,California,US,WGS84,0,0,350
94_2018-06-17_2018-06-17,2018-06-17/2018-06-17,38.31644058,-123.0721,cbs point contact,Horseshoe Cove,Sonoma,California,US,WGS84,0,0,350
202_2001-12-14_2001-12-14,2001-12-14/2001-12-14,33.90871811,-120.08629,cbs point contact,Johnsons Lee,Santa Barbara,California,US,WGS84,0,0,350
202_2002-12-01_2002-12-01,2002-12-01/2002-12-01,33.90871811,-120.08629,cbs point contact,Johnsons Lee,Santa Barbara,California,US,WGS84,0,0,350
202_2004-12-11_2004-12-11,2004-12-11/2004-12-11,33.90871811,-120.08629,cbs point contact,Johnsons Lee,Santa Barbara,California,US,WGS84,0,0,350
3012_2012-08-01_2012-08-01,2012-08-01/2012-08-01,57.02249908,-135.35387,cbs point contact,Kayak Island,Sitka,Alaska,US,WGS84,0,0,350
3012_2018-08-11_2018-08-11,2018-08-11/2018-08-11,57.02249908,-135.35387,cbs point contact,Kayak Island,Sitka,Alaska,US,WGS84,0,0,350
12_2001-07-24_2001-07-31,2001-07-24/2001-07-31,39.60411835,-123.78887,cbs point contact,Kibesillah Hill,Mendocino,California,US,WGS84,0,0,350
12_2003-06-03_2003-06-03,2003-06-03/2003-06-03,39.60411835,-123.78887,cbs point contact,Kibesillah Hill,Mendocino,California,US,WGS84,0,0,350
12_2007-05-17_2007-05-17,2007-05-17/2007-05-17,39.60411835,-123.78887,cbs point contact,Kibesillah Hill,Mendocino,California,US,WGS84,0,0,350
12_2014-06-14_2014-06-14,2014-06-14/2014-06-14,39.60411835,-123.78887,cbs point contact,Kibesillah Hill,Mendocino,California,US,WGS84,0,0,350
12_2020-08-04_2020-08-04,2020-08-04/2020-08-04,39.60411835,-123.78887,cbs point contact,Kibesillah Hill,Mendocino,California,US,WGS84,0,0,350
1001_2003-02-12_2003-02-12,2003-02-12/2003-02-12,31.72407913,-116.71423,cbs point contact,La Bufadora,,Baja California,MX,WGS84,0,0,350
1002_2003-02-14_2003-02-14,2003-02-14/2003-02-14,30.47035027,-116.04695,cbs point contact,La Chorera,,Baja California,MX,WGS84,0,0,350
1007_2007-02-26_2007-02-26,2007-02-26/2007-02-26,27.85071945,-115.17085,cbs point contact,La Cueva,,Baja California Sur,MX,WGS84,0,0,350
1007_2011-02-15_2011-02-15,2011-02-15/2011-02-15,27.85071945,-115.17085,cbs point contact,La Cueva,,Baja California Sur,MX,WGS84,0,0,350
72_2020-02-07_2020-02-07,2020-02-07/2020-02-07,32.8432312,-117.2812,cbs point contact,La Jolla Caves,San Diego,California,US,WGS84,0,0,350
1008_2007-02-27_2007-02-27,2007-02-27/2007-02-27,27.84841919,-115.16323,cbs point contact,La Plana,,Baja California Sur,MX,WGS84,0,0,350
1008_2011-02-16_2011-02-16,2011-02-16/2011-02-16,27.84841919,-115.16323,cbs point contact,La Plana,,Baja California Sur,MX,WGS84,0,0,350
500_2001-11-30_2001-12-02,2001-11-30/2001-12-02,33.48157883,-119.02958,cbs point contact,Landing Cove,Santa Barbara,California,US,WGS84,0,0,350
500_2006-11-02_2006-11-02,2006-11-02/2006-11-02,33.48157883,-119.02958,cbs point contact,Landing Cove,Santa Barbara,California,US,WGS84,0,0,350
500_2020-10-15_2020-10-15,2020-10-15/2020-10-15,33.48157883,-119.02958,cbs point contact,Landing Cove,Santa Barbara,California,US,WGS84,0,0,350
6005_2018-06-03_2018-06-03,2018-06-03/2018-06-03,41.05715561,-124.14532,cbs point contact,Launcher Beach,Humboldt,California,US,WGS84,0,0,350
75_2013-01-23_2013-01-23,2013-01-23/2013-01-23,34.03445816,-118.86179,cbs point contact,Lechuza Point,Los Angeles,California,US,WGS84,0,0,350
601_2002-04-21_2002-04-23,2002-04-21/2002-04-23,33.38499069,-118.4752,cbs point contact,Little Harbor,Los Angeles,California,US,WGS84,0,0,350
601_2007-03-15_2007-03-16,2007-03-15/2007-03-16,33.38499069,-118.4752,cbs point contact,Little Harbor,Los Angeles,California,US,WGS84,0,0,350
601_2020-02-21_2020-02-21,2020-02-21/2020-02-21,33.38499069,-118.4752,cbs point contact,Little Harbor,Los Angeles,California,US,WGS84,0,0,350
3005_2003-08-10_2003-08-10,2003-08-10/2003-08-10,48.85274887,-125.18252,cbs point contact,Little Ohiat,,British Columbia,CA,WGS84,0,0,350
3005_2007-06-16_2007-06-16,2007-06-16/2007-06-16,48.85274887,-125.18252,cbs point contact,Little Ohiat,,British Columbia,CA,WGS84,0,0,350
60_2007-03-19_2007-03-19,2007-03-19/2007-03-19,34.71879959,-120.6088,cbs point contact,Lompoc Landing,Santa Barbara,California,US,WGS84,0,0,350
55_2004-04-12_2004-04-12,2004-04-12/2004-04-12,36.01438141,-121.5405,cbs point contact,Lucia,Monterey,California,US,WGS84,0,0,350
6010_2015-06-06_2015-06-06,2015-06-06/2015-06-06,39.48259354,-123.80359,cbs point contact,MacKerricher,Mendocino,California,US,WGS84,0,0,350
6010_2020-08-03_2020-08-03,2020-08-03/2020-08-03,39.48259354,-123.80359,cbs point contact,MacKerricher,Mendocino,California,US,WGS84,0,0,350
6007_2018-07-15_2018-07-15,2018-07-15/2018-07-15,40.021698,-124.06825,cbs point contact,Mal Coombs,Humboldt,California,US,WGS84,0,0,350
701_2003-02-28_2003-02-28,2003-02-28/2003-02-28,33.21868134,-119.49562,cbs point contact,Marker Poles,Ventura,California,US,WGS84,0,0,350
701_2007-02-16_2007-02-16,2007-02-16/2007-02-16,33.21868134,-119.49562,cbs point contact,Marker Poles,Ventura,California,US,WGS84,0,0,350
402_2001-10-17_2001-10-17,2001-10-17/2001-10-17,34.00590134,-119.39649,cbs point contact,Middle West,Ventura,California,US,WGS84,0,0,350
402_2005-12-13_2005-12-13,2005-12-13/2005-12-13,34.00590134,-119.39649,cbs point contact,Middle West,Ventura,California,US,WGS84,0,0,350
402_2012-03-05_2012-03-05,2012-03-05/2012-03-05,34.00590134,-119.39649,cbs point contact,Middle West,Ventura,California,US,WGS84,0,0,350
27_2001-02-05_2001-03-07,2001-02-05/2001-03-07,35.97964859,-121.49034,cbs point contact,Mill Creek,Monterey,California,US,WGS84,0,0,350
27_2003-11-22_2003-11-22,2003-11-22/2003-11-22,35.97964859,-121.49034,cbs point contact,Mill Creek,Monterey,California,US,WGS84,0,0,350
27_2004-04-09_2004-04-09,2004-04-09/2004-04-09,35.97964859,-121.49034,cbs point contact,Mill Creek,Monterey,California,US,WGS84,0,0,350
27_2020-05-26_2020-05-26,2020-05-26/2020-05-26,35.97964859,-121.49034,cbs point contact,Mill Creek,Monterey,California,US,WGS84,0,0,350
78_2010-06-14_2010-06-14,2010-06-14/2010-06-14,38.88090897,-123.67475,cbs point contact,Moat Creek,Mendocino,California,US,WGS84,0,0,350
78_2020-07-23_2020-07-23,2020-07-23/2020-07-23,38.88090897,-123.67475,cbs point contact,Moat Creek,Mendocino,California,US,WGS84,0,0,350
57_2005-02-03_2005-02-03,2005-02-03/2005-02-03,37.69589996,-123.0029,cbs point contact,Mussel Flat Farallones,San Francisco,California,US,WGS84,0,0,350
41_2001-05-23_2001-05-25,2001-05-23/2001-05-25,34.35548019,-119.44073,cbs point contact,Mussel Shoals,Ventura,California,US,WGS84,0,0,350
41_2016-02-18_2016-02-18,2016-02-18/2016-02-18,34.35548019,-119.44073,cbs point contact,Mussel Shoals,Ventura,California,US,WGS84,0,0,350
64_2007-10-24_2007-10-24,2007-10-24/2007-10-24,36.94915009,-122.06107,cbs point contact,Natural Bridges,Santa Cruz,California,US,WGS84,0,0,350
93_2012-02-08_2012-02-09,2012-02-08/2012-02-09,32.69260025,-117.25327,cbs point contact,Navy North,San Diego,California,US,WGS84,0,0,350
802_2014-03-02_2014-03-02,2014-03-02/2014-03-02,33.03286743,-118.60057,cbs point contact,North Head,Los Angeles,California,US,WGS84,0,0,350
802_2020-02-10_2020-02-10,2020-02-10/2020-02-10,33.03286743,-118.60057,cbs point contact,North Head,Los Angeles,California,US,WGS84,0,0,350
84_2010-07-13_2010-07-13,2010-07-13/2010-07-13,38.45618057,-123.14244,cbs point contact,North Jenner Beach,Sonoma,California,US,WGS84,0,0,350
201_2001-12-12_2001-12-12,2001-12-12/2001-12-12,34.00957108,-120.2176,cbs point contact,NW Talcott,Santa Barbara,California,US,WGS84,0,0,350
201_2004-12-13_2004-12-13,2004-12-13/2004-12-13,34.00957108,-120.2176,cbs point contact,NW Talcott,Santa Barbara,California,US,WGS84,0,0,350
42_2001-05-27_2001-05-27,2001-05-27/2001-05-27,34.06612015,-118.99779,cbs point contact,Old Stairs,Ventura,California,US,WGS84,0,0,350
42_2008-03-15_2008-03-16,2008-03-15/2008-03-16,34.06612015,-118.99779,cbs point contact,Old Stairs,Ventura,California,US,WGS84,0,0,350
42_2019-02-17_2019-02-17,2019-02-17/2019-02-17,34.06612015,-118.99779,cbs point contact,Old Stairs,Ventura,California,US,WGS84,0,0,350
4004_2015-07-15_2015-07-15,2015-07-15/2015-07-15,44.75271606,-124.06606,cbs point contact,Otter Rock,Lincoln,Oregon,US,WGS84,0,0,350
4004_2019-07-01_2019-07-01,2019-07-01/2019-07-01,44.75271606,-124.06606,cbs point contact,Otter Rock,Lincoln,Oregon,US,WGS84,0,0,350
6004_2015-05-20_2015-05-20,2015-05-20/2015-05-20,41.13121033,-124.1633,cbs point contact,Palmers Point,Humboldt,California,US,WGS84,0,0,350
3004_2003-08-13_2003-08-13,2003-08-13/2003-08-13,50.60115051,-128.27106,cbs point contact,Palmerston,,British Columbia,CA,WGS84,0,0,350
3004_2007-06-18_2007-06-18,2007-06-18/2007-06-18,50.60115051,-128.27106,cbs point contact,Palmerston,,British Columbia,CA,WGS84,0,0,350
43_2001-04-26_2001-04-28,2001-04-26/2001-04-28,34.01200867,-118.79225,cbs point contact,Paradise Cove,Los Angeles,California,US,WGS84,0,0,350
43_2006-02-27_2006-02-27,2006-02-27/2006-02-27,34.01200867,-118.79225,cbs point contact,Paradise Cove,Los Angeles,California,US,WGS84,0,0,350
43_2018-03-25_2018-03-25,2018-03-25/2018-03-25,34.01200867,-118.79225,cbs point contact,Paradise Cove,Los Angeles,California,US,WGS84,0,0,350
43_2021-06-11_2021-06-11,2021-06-11/2021-06-11,34.01200867,-118.79225,cbs point contact,Paradise Cove,Los Angeles,California,US,WGS84,0,0,350
54_2003-11-23_2003-11-23,2003-11-23/2003-11-23,36.17375946,-121.69653,cbs point contact,Partington Cove,Monterey,California,US,WGS84,0,0,350
54_2004-04-11_2004-04-11,2004-04-11/2004-04-11,36.17375946,-121.69653,cbs point contact,Partington Cove,Monterey,California,US,WGS84,0,0,350
81_2010-06-15_2010-06-15,2010-06-15/2010-06-15,38.58584976,-123.34147,cbs point contact,Phillips Gulch,Sonoma,California,US,WGS84,0,0,350
81_2020-07-08_2020-07-08,2020-07-08/2020-07-08,38.58584976,-123.34147,cbs point contact,Phillips Gulch,Sonoma,California,US,WGS84,0,0,350
68_2008-01-21_2008-01-21,2008-01-21/2008-01-21,35.66492844,-121.28699,cbs point contact,Piedras Blancas,San Luis Obispo,California,US,WGS84,0,0,350
68_2021-07-26_2021-07-26,2021-07-26/2021-07-26,35.66492844,-121.28699,cbs point contact,Piedras Blancas,San Luis Obispo,California,US,WGS84,0,0,350
18_2002-11-03_2002-11-04,2002-11-03/2002-11-04,37.18360901,-122.39529,cbs point contact,Pigeon Point,San Mateo,California,US,WGS84,0,0,350
18_2006-10-06_2006-10-06,2006-10-06/2006-10-06,37.18360901,-122.39529,cbs point contact,Pigeon Point,San Mateo,California,US,WGS84,0,0,350
3013_2012-08-03_2012-08-03,2012-08-03/2012-08-03,56.98661041,-135.37755,cbs point contact,Pirates Cove,Sitka,Alaska,US,WGS84,0,0,350
3013_2018-08-12_2018-08-12,2018-08-12/2018-08-12,56.98661041,-135.37755,cbs point contact,Pirates Cove,Sitka,Alaska,US,WGS84,0,0,350
77_2010-06-11_2010-06-11,2010-06-11/2010-06-11,38.95550156,-123.7413,cbs point contact,Point Arena,Mendocino,California,US,WGS84,0,0,350
77_2021-06-27_2021-06-27,2021-06-27/2021-06-27,38.95550156,-123.7413,cbs point contact,Point Arena,Mendocino,California,US,WGS84,0,0,350
45_2001-06-09_2001-06-09,2001-06-09/2001-06-09,33.70679092,-118.28599,cbs point contact,Point Fermin,Los Angeles,California,US,WGS84,0,0,350
45_2012-01-20_2012-01-20,2012-01-20/2012-01-20,33.70679092,-118.28599,cbs point contact,Point Fermin,Los Angeles,California,US,WGS84,0,0,350
45_2019-02-19_2019-02-19,2019-02-19/2019-02-19,33.70679092,-118.28599,cbs point contact,Point Fermin,Los Angeles,California,US,WGS84,0,0,350
25_2001-02-19_2001-02-22,2001-02-19/2001-02-22,36.51366043,-121.94688,cbs point contact,Point Lobos,Monterey,California,US,WGS84,0,0,350
25_2005-03-07_2005-03-07,2005-03-07/2005-03-07,36.51366043,-121.94688,cbs point contact,Point Lobos,Monterey,California,US,WGS84,0,0,350
25_2020-02-06_2020-02-06,2020-02-06/2020-02-06,36.51366043,-121.94688,cbs point contact,Point Lobos,Monterey,California,US,WGS84,0,0,350
66_2007-11-08_2007-11-08,2007-11-08/2007-11-08,36.63795853,-121.93758,cbs point contact,Point Pinos,Monterey,California,US,WGS84,0,0,350
66_2021-06-14_2021-06-14,2021-06-14/2021-06-14,36.63795853,-121.93758,cbs point contact,Point Pinos,Monterey,California,US,WGS84,0,0,350
6001_2014-05-20_2014-05-20,2014-05-20/2014-05-20,41.78464508,-124.25513,cbs point contact,Point Saint George,Del Norte,California,US,WGS84,0,0,350
28_2001-04-03_2001-04-03,2001-04-03/2001-04-03,35.72882843,-121.31866,cbs point contact,Point Sierra Nevada,San Luis Obispo,California,US,WGS84,0,0,350
28_2003-04-18_2003-04-18,2003-04-18/2003-04-18,35.72882843,-121.31866,cbs point contact,Point Sierra Nevada,San Luis Obispo,California,US,WGS84,0,0,350
28_2004-04-08_2004-04-08,2004-04-08/2004-04-08,35.72882843,-121.31866,cbs point contact,Point Sierra Nevada,San Luis Obispo,California,US,WGS84,0,0,350
28_2017-02-08_2017-02-08,2017-02-08/2017-02-08,35.72882843,-121.31866,cbs point contact,Point Sierra Nevada,San Luis Obispo,California,US,WGS84,0,0,350
28_2021-02-25_2021-02-25,2021-02-25/2021-02-25,35.72882843,-121.31866,cbs point contact,Point Sierra Nevada,San Luis Obispo,California,US,WGS84,0,0,350
88_2012-02-04_2012-02-04,2012-02-04/2012-02-04,33.74100876,-118.40947,cbs point contact,Point Vicente,Los Angeles,California,US,WGS84,0,0,350
3003_2003-08-25_2003-08-25,2003-08-25/2003-08-25,57.15422821,-135.75452,cbs point contact,Port Mary,Sitka,Alaska,US,WGS84,0,0,350
3003_2018-08-10_2018-08-10,2018-08-10/2018-08-10,57.15422821,-135.75452,cbs point contact,Port Mary,Sitka,Alaska,US,WGS84,0,0,350
305_2002-01-08_2002-04-08,2002-01-08/2002-04-08,34.02037811,-119.6867,cbs point contact,Prisoners Harbor,Santa Barbara,California,US,WGS84,0,0,350
305_2003-04-20_2003-04-20,2003-04-20/2003-04-20,34.02037811,-119.6867,cbs point contact,Prisoners Harbor,Santa Barbara,California,US,WGS84,0,0,350
305_2004-01-16_2004-01-18,2004-01-16/2004-01-18,34.02037811,-119.6867,cbs point contact,Prisoners Harbor,Santa Barbara,California,US,WGS84,0,0,350
3009_2007-07-31_2007-07-31,2007-07-31/2007-07-31,56.25735092,-134.81857,cbs point contact,Puffin Bay,Sitka,Alaska,US,WGS84,0,0,350
1006_2003-02-17_2003-02-17,2003-02-17/2003-02-17,26.70548058,-113.5763,cbs point contact,Punta Abreojos,,Baja California Sur,MX,WGS84,0,0,350
1003_2003-02-15_2003-02-15,2003-02-15/2003-02-15,29.94898033,-115.81207,cbs point contact,Punta Baja,,Baja California,MX,WGS84,0,0,350
1004_2003-02-19_2003-02-19,2003-02-19/2003-02-19,27.72610092,-114.99477,cbs point contact,Punta Rompiente,,Baja California Sur,MX,WGS84,0,0,350
1005_2003-02-18_2003-02-18,2003-02-18/2003-02-18,27.17717934,-114.39802,cbs point contact,Punta San Roque,,Baja California Sur,MX,WGS84,0,0,350
6000_2014-05-18_2014-05-19,2014-05-18/2014-05-19,41.98984146,-124.2093,cbs point contact,Pyramid Point,Del Norte,California,US,WGS84,0,0,350
29_2001-03-04_2001-06-06,2001-03-04/2001-06-06,35.52244186,-121.073,cbs point contact,Rancho Marino; Cambria,San Luis Obispo,California,US,WGS84,0,0,350
29_2005-07-23_2005-07-23,2005-07-23/2005-07-23,35.52244186,-121.073,cbs point contact,Rancho Marino; Cambria,San Luis Obispo,California,US,WGS84,0,0,350
29_2021-07-24_2021-07-24,2021-07-24/2021-07-24,35.52244186,-121.073,cbs point contact,Rancho Marino; Cambria,San Luis Obispo,California,US,WGS84,0,0,350
4003_2015-07-17_2015-07-17,2015-07-17/2015-07-17,45.02574539,-124.01265,cbs point contact,Roads End,Lincoln,Oregon,US,WGS84,0,0,350
4003_2019-07-02_2019-07-02,2019-07-02/2019-07-02,45.02574539,-124.01265,cbs point contact,Roads End,Lincoln,Oregon,US,WGS84,0,0,350
401_2001-10-16_2001-10-17,2001-10-16/2001-10-17,34.00659943,-119.41077,cbs point contact,S Frenchys Cove,Ventura,California,US,WGS84,0,0,350
401_2005-12-12_2005-12-12,2005-12-12/2005-12-12,34.00659943,-119.41077,cbs point contact,S Frenchys Cove,Ventura,California,US,WGS84,0,0,350
401_2012-03-04_2012-03-04,2012-03-04/2012-03-04,34.00659943,-119.41077,cbs point contact,S Frenchys Cove,Ventura,California,US,WGS84,0,0,350
3011_2012-07-30_2012-07-30,2012-07-30/2012-07-30,57.04869843,-135.32314,cbs point contact,Sage Rock,Sitka,Alaska,US,WGS84,0,0,350
3011_2018-08-13_2018-08-13,2018-08-13/2018-08-13,57.04869843,-135.32314,cbs point contact,Sage Rock,Sitka,Alaska,US,WGS84,0,0,350
61_2007-09-27_2007-09-27,2007-09-27/2007-09-27,35.63454819,-121.19562,cbs point contact,San Simeon Point,San Luis Obispo,California,US,WGS84,0,0,350
21_2004-05-21_2004-05-21,2004-05-21/2004-05-21,36.9801712,-122.15503,cbs point contact,Sandhill Bluff,Santa Cruz,California,US,WGS84,0,0,350
21_2020-05-28_2020-05-28,2020-05-28/2020-05-28,36.9801712,-122.15503,cbs point contact,Sandhill Bluff,Santa Cruz,California,US,WGS84,0,0,350
15_2002-05-14_2002-05-15,2002-05-14/2002-05-15,38.01242828,-122.84915,cbs point contact,Santa Maria Creek,Marin,California,US,WGS84,0,0,350
15_2005-05-09_2005-05-09,2005-05-09/2005-05-09,38.01242828,-122.84915,cbs point contact,Santa Maria Creek,Marin,California,US,WGS84,0,0,350
15_2010-08-10_2010-08-10,2010-08-10/2010-08-10,38.01242828,-122.84915,cbs point contact,Santa Maria Creek,Marin,California,US,WGS84,0,0,350
15_2021-05-15_2021-05-15,2021-05-15/2021-05-15,38.01242828,-122.84915,cbs point contact,Santa Maria Creek,Marin,California,US,WGS84,0,0,350
79_2010-06-16_2010-06-16,2010-06-16/2010-06-16,38.86138153,-123.65361,cbs point contact,Saunders Reef,Mendocino,California,US,WGS84,0,0,350
79_2020-07-22_2020-07-22,2020-07-22/2020-07-22,38.86138153,-123.65361,cbs point contact,Saunders Reef,Mendocino,California,US,WGS84,0,0,350
20_2003-01-15_2003-01-15,2003-01-15/2003-01-15,37.04425049,-122.23493,cbs point contact,Scott Creek,Santa Cruz,California,US,WGS84,0,0,350
20_2006-12-03_2006-12-03,2006-12-03/2006-12-03,37.04425049,-122.23493,cbs point contact,Scott Creek,Santa Cruz,California,US,WGS84,0,0,350
20_2020-01-09_2020-01-09,2020-01-09/2020-01-09,37.04425049,-122.23493,cbs point contact,Scott Creek,Santa Cruz,California,US,WGS84,0,0,350
49_2002-03-24_2002-03-27,2002-03-24/2002-03-27,32.8716507,-117.25328,cbs point contact,Scripps Reef,San Diego,California,US,WGS84,0,0,350
49_2006-02-23_2006-02-23,2006-02-23/2006-02-23,32.8716507,-117.25328,cbs point contact,Scripps Reef,San Diego,California,US,WGS84,0,0,350
49_2020-01-08_2020-01-08,2020-01-08/2020-01-08,32.8716507,-117.25328,cbs point contact,Scripps Reef,San Diego,California,US,WGS84,0,0,350
501_2001-11-30_2001-12-01,2001-11-30/2001-12-01,33.47201157,-119.03066,cbs point contact,Sea Lion Rookery,Santa Barbara,California,US,WGS84,0,0,350
501_2006-11-04_2006-11-04,2006-11-04/2006-11-04,33.47201157,-119.03066,cbs point contact,Sea Lion Rookery,Santa Barbara,California,US,WGS84,0,0,350
501_2020-10-16_2020-10-16,2020-10-16/2020-10-16,33.47201157,-119.03066,cbs point contact,Sea Lion Rookery,Santa Barbara,California,US,WGS84,0,0,350
13_2001-08-04_2001-08-04,2001-08-04/2001-08-04,38.73049927,-123.48864,cbs point contact,Sea Ranch,Sonoma,California,US,WGS84,0,0,350
13_2005-06-09_2005-06-09,2005-06-09/2005-06-09,38.73049927,-123.48864,cbs point contact,Sea Ranch,Sonoma,California,US,WGS84,0,0,350
13_2010-06-13_2010-06-13,2010-06-13/2010-06-13,38.73049927,-123.48864,cbs point contact,Sea Ranch,Sonoma,California,US,WGS84,0,0,350
13_2020-08-19_2020-08-19,2020-08-19/2020-08-19,38.73049927,-123.48864,cbs point contact,Sea Ranch,Sonoma,California,US,WGS84,0,0,350
92_2012-05-07_2012-05-10,2012-05-07/2012-05-10,32.80799103,-117.26793,cbs point contact,Sea Ridge,San Diego,California,US,WGS84,0,0,350
4001_2013-07-19_2013-07-20,2013-07-19/2013-07-20,44.49993896,-124.08437,cbs point contact,Seal Rock,Lincoln,Oregon,US,WGS84,0,0,350
4001_2019-07-03_2019-07-03,2019-07-03/2019-07-03,44.49993896,-124.08437,cbs point contact,Seal Rock,Lincoln,Oregon,US,WGS84,0,0,350
74_2013-01-22_2013-01-22,2013-01-22/2013-01-22,34.04322815,-118.937,cbs point contact,Sequit Point,Los Angeles,California,US,WGS84,0,0,350
74_2021-06-12_2021-06-12,2021-06-12/2021-06-12,34.04322815,-118.937,cbs point contact,Sequit Point,Los Angeles,California,US,WGS84,0,0,350
47_2001-04-28_2001-05-11,2001-04-28/2001-05-11,33.54476929,-117.79941,cbs point contact,Shaws Cove,Orange,California,US,WGS84,0,0,350
47_2005-04-02_2005-04-02,2005-04-02/2005-04-02,33.54476929,-117.79941,cbs point contact,Shaws Cove,Orange,California,US,WGS84,0,0,350
47_2012-01-18_2012-01-18,2012-01-18/2012-01-18,33.54476929,-117.79941,cbs point contact,Shaws Cove,Orange,California,US,WGS84,0,0,350
47_2017-01-13_2017-01-13,2017-01-13/2017-01-13,33.54476929,-117.79941,cbs point contact,Shaws Cove,Orange,California,US,WGS84,0,0,350
47_2021-06-10_2021-06-10,2021-06-10/2021-06-10,33.54476929,-117.79941,cbs point contact,Shaws Cove,Orange,California,US,WGS84,0,0,350
32_2001-03-23_2001-03-23,2001-03-23/2001-03-23,35.1688118,-120.69668,cbs point contact,Shell Beach,San Luis Obispo,California,US,WGS84,0,0,350
32_2006-03-24_2006-03-24,2006-03-24/2006-03-24,35.1688118,-120.69668,cbs point contact,Shell Beach,San Luis Obispo,California,US,WGS84,0,0,350
32_2019-03-04_2019-03-04,2019-03-04/2019-03-04,35.1688118,-120.69668,cbs point contact,Shell Beach,San Luis Obispo,California,US,WGS84,0,0,350
11_2001-07-21_2001-07-22,2001-07-21/2001-07-22,40.02254105,-124.07366,cbs point contact,Shelter Cove,Humboldt,California,US,WGS84,0,0,350
11_2006-04-28_2006-04-28,2006-04-28/2006-04-28,40.02254105,-124.07366,cbs point contact,Shelter Cove,Humboldt,California,US,WGS84,0,0,350
11_2014-06-16_2014-06-16,2014-06-16/2014-06-16,40.02254105,-124.07366,cbs point contact,Shelter Cove,Humboldt,California,US,WGS84,0,0,350
2_2002-07-09_2002-07-09,2002-07-09/2002-07-09,47.94709015,-124.66229,cbs point contact,Sokol Point; Chilean Memorial,Clallam,Washington,US,WGS84,0,0,350
2_2007-06-13_2007-06-13,2007-06-13/2007-06-13,47.94709015,-124.66229,cbs point contact,Sokol Point; Chilean Memorial,Clallam,Washington,US,WGS84,0,0,350
206_2017-11-15_2017-11-15,2017-11-15/2017-11-15,33.91162109,-120.15104,cbs point contact,South Point,Santa Barbara,California,US,WGS84,0,0,350
33_2001-03-19_2001-03-21,2001-03-19/2001-03-21,34.73038101,-120.61546,cbs point contact,Stairs,Santa Barbara,California,US,WGS84,0,0,350
33_2003-03-25_2003-03-25,2003-03-25/2003-03-25,34.73038101,-120.61546,cbs point contact,Stairs,Santa Barbara,California,US,WGS84,0,0,350
33_2004-02-02_2004-02-02,2004-02-02/2004-02-02,34.73038101,-120.61546,cbs point contact,Stairs,Santa Barbara,California,US,WGS84,0,0,350
33_2017-02-07_2017-02-07,2017-02-07/2017-02-07,34.73038101,-120.61546,cbs point contact,Stairs,Santa Barbara,California,US,WGS84,0,0,350
4_2002-07-07_2002-07-08,2002-07-07/2002-07-08,47.65269852,-124.3905,cbs point contact,Starfish Point,Jefferson,Washington,US,WGS84,0,0,350
4_2006-06-12_2006-06-12,2006-06-12/2006-06-12,47.65269852,-124.3905,cbs point contact,Starfish Point,Jefferson,Washington,US,WGS84,0,0,350
6013_2021-06-28_2021-06-28,2021-06-28/2021-06-28,38.61363983,-123.36753,cbs point contact,Stewarts Point,Sonoma,California,US,WGS84,0,0,350
24_2001-02-07_2001-02-08,2001-02-07/2001-02-08,36.56087112,-121.94053,cbs point contact,Stillwater,Monterey,California,US,WGS84,0,0,350
24_2005-04-29_2005-04-29,2005-04-29/2005-04-29,36.56087112,-121.94053,cbs point contact,Stillwater,Monterey,California,US,WGS84,0,0,350
24_2020-03-09_2020-03-09,2020-03-09/2020-03-09,36.56087112,-121.94053,cbs point contact,Stillwater,Monterey,California,US,WGS84,0,0,350
53_2004-05-05_2004-05-05,2004-05-05/2004-05-05,38.93787003,-123.7288,cbs point contact,Stornetta,Mendocino,California,US,WGS84,0,0,350
53_2007-05-19_2007-05-19,2007-05-19/2007-05-19,38.93787003,-123.7288,cbs point contact,Stornetta,Mendocino,California,US,WGS84,0,0,350
53_2020-07-21_2020-07-21,2020-07-21/2020-07-21,38.93787003,-123.7288,cbs point contact,Stornetta,Mendocino,California,US,WGS84,0,0,350
3_2002-07-10_2002-07-10,2002-07-10/2002-07-10,47.8660202,-124.57004,cbs point contact,Taylor Point,Jefferson,Washington,US,WGS84,0,0,350
3_2003-07-14_2003-07-15,2003-07-14/2003-07-15,47.8660202,-124.57004,cbs point contact,Taylor Point,Jefferson,Washington,US,WGS84,0,0,350
3_2004-06-05_2004-06-05,2004-06-05/2004-06-05,47.8660202,-124.57004,cbs point contact,Taylor Point,Jefferson,Washington,US,WGS84,0,0,350
22_2003-01-16_2003-01-16,2003-01-16/2003-01-16,36.94841003,-122.06457,cbs point contact,Terrace Point,Santa Cruz,California,US,WGS84,0,0,350
22_2006-01-10_2006-01-10,2006-01-10/2006-01-10,36.94841003,-122.06457,cbs point contact,Terrace Point,Santa Cruz,California,US,WGS84,0,0,350
22_2021-05-31_2021-05-31,2021-05-31/2021-05-31,36.94841003,-122.06457,cbs point contact,Terrace Point,Santa Cruz,California,US,WGS84,0,0,350
700_2003-02-26_2003-02-26,2003-02-26/2003-02-26,33.28504944,-119.52983,cbs point contact,Thousand Springs,Ventura,California,US,WGS84,0,0,350
700_2007-02-15_2007-02-15,2007-02-15/2007-02-15,33.28504944,-119.52983,cbs point contact,Thousand Springs,Ventura,California,US,WGS84,0,0,350
3008_2005-06-25_2005-06-25,2005-06-25/2005-06-25,54.07820129,-131.7948,cbs point contact,Tow Hill,,British Columbia,CA,WGS84,0,0,350
302_2002-01-10_2002-01-10,2002-01-10/2002-01-10,34.05186844,-119.9032,cbs point contact,Trailer,Santa Barbara,California,US,WGS84,0,0,350
302_2006-01-27_2006-01-27,2006-01-27/2006-01-27,34.05186844,-119.9032,cbs point contact,Trailer,Santa Barbara,California,US,WGS84,0,0,350
6012_2017-01-12_2017-01-12,2017-01-12/2017-01-12,33.51335144,-117.75793,cbs point contact,Treasure Island,Orange,California,US,WGS84,0,0,350
603_2018-02-13_2018-02-13,2018-02-13/2018-02-13,33.4443512,-118.49888,cbs point contact,Two Harbors,Los Angeles,California,US,WGS84,0,0,350
304_2002-01-12_2002-01-13,2002-01-12/2002-01-13,33.98389053,-119.66583,cbs point contact,Valley,Santa Barbara,California,US,WGS84,0,0,350
304_2006-01-28_2006-01-28,2006-01-28/2006-01-28,33.98389053,-119.66583,cbs point contact,Valley,Santa Barbara,California,US,WGS84,0,0,350
69_2008-01-18_2008-01-18,2008-01-18/2008-01-18,35.60414124,-121.14232,cbs point contact,Vista del Mar,San Luis Obispo,California,US,WGS84,0,0,350
69_2021-07-25_2021-07-25,2021-07-25/2021-07-25,35.60414124,-121.14232,cbs point contact,Vista del Mar,San Luis Obispo,California,US,WGS84,0,0,350
99_2013-01-08_2013-01-09,2013-01-08/2013-01-09,33.01477051,-118.60613,cbs point contact,West Cove,Los Angeles,California,US,WGS84,0,0,350
99_2019-01-31_2019-01-31,2019-01-31/2019-01-31,33.01477051,-118.60613,cbs point contact,West Cove,Los Angeles,California,US,WGS84,0,0,350
44_2001-05-28_2001-05-28,2001-05-28/2001-05-28,33.71538925,-118.31961,cbs point contact,White Point,Los Angeles,California,US,WGS84,0,0,350
44_2008-03-14_2008-03-17,2008-03-14/2008-03-17,33.71538925,-118.31961,cbs point contact,White Point,Los Angeles,California,US,WGS84,0,0,350
44_2018-03-26_2018-03-26,2018-03-26/2018-03-26,33.71538925,-118.31961,cbs point contact,White Point,Los Angeles,California,US,WGS84,0,0,350
63_2007-10-25_2007-10-25,2007-10-25/2007-10-25,36.94915009,-122.10383,cbs point contact,Wilder Ranch,Santa Cruz,California,US,WGS84,0,0,350
303_2002-01-12_2002-01-12,2002-01-12/2002-01-12,33.96183014,-119.75495,cbs point contact,Willows Anchorage,Santa Barbara,California,US,WGS84,0,0,350
303_2006-01-25_2006-01-25,2006-01-25/2006-01-25,33.96183014,-119.75495,cbs point contact,Willows Anchorage,Santa Barbara,California,US,WGS84,0,0,350
91_2012-03-07_2012-03-08,2012-03-07/2012-03-08,32.83285141,-117.28231,cbs point contact,Wind and Sea,San Diego,California,US,WGS84,0,0,350
91_2020-02-06_2020-02-06,2020-02-06/2020-02-06,32.83285141,-117.28231,cbs point contact,Wind and Sea,San Diego,California,US,WGS84,0,0,350
83_2010-07-12_2010-07-12,2010-07-12/2010-07-12,38.52394104,-123.26747,cbs point contact,Windermere Point,Sonoma,California,US,WGS84,0,0,350
3002_2003-08-30_2003-08-30,2003-08-30/2003-08-30,58.08150101,-136.55453,cbs point contact,Yakobi,Skagway-Hoonah-Angoon,Alaska,US,WGS84,0,0,350
3002_2007-07-28_2007-07-29,2007-07-28/2007-07-29,58.08150101,-136.55453,cbs point contact,Yakobi,Skagway-Hoonah-Angoon,Alaska,US,WGS84,0,0,350
